<?xml version="1.0" encoding="UTF-8"?>
<project-private xmlns="http://www.netbeans.org/ns/project-private/1">
    <editor-bookmarks xmlns="http://www.netbeans.org/ns/editor-bookmarks/2" lastBookmarkId="0"/>
    <open-files xmlns="http://www.netbeans.org/ns/projectui-open-files/2">
        <group>
            <file>file:/C:/Users/Admin/Documents/GitHub/pro1041_it17320_team5_finalproject/pro1041_team5_finalproject/src/service/impl/IHoaDonS.java</file>
            <file>file:/C:/Users/Admin/Documents/GitHub/pro1041_it17320_team5_finalproject/pro1041_team5_finalproject/src/model/HoaDon.java</file>
            <file>file:/C:/Users/Admin/Documents/GitHub/pro1041_it17320_team5_finalproject/pro1041_team5_finalproject/src/repository/KhachHangRepo.java</file>
            <file>file:/C:/Users/Admin/Documents/GitHub/pro1041_it17320_team5_finalproject/pro1041_team5_finalproject/src/service/KhachHangService.java</file>
            <file>file:/C:/Users/Admin/Documents/GitHub/pro1041_it17320_team5_finalproject/pro1041_team5_finalproject/src/repository/HoaDonRepo.java</file>
            <file>file:/C:/Users/Admin/Documents/GitHub/pro1041_it17320_team5_finalproject/pro1041_team5_finalproject/src/model/KhachHang.java</file>
            <file>file:/C:/Users/Admin/Documents/GitHub/pro1041_it17320_team5_finalproject/pro1041_team5_finalproject/src/view/FrameKhachHang.java</file>
            <file>file:/C:/Users/Admin/Documents/GitHub/pro1041_it17320_team5_finalproject/pro1041_team5_finalproject/src/view/HoaDonF.java</file>
        </group>
    </open-files>
</project-private>
